path,bytes
.gitignore,60
00_ORIGINAL/UI47_original.apk,12652338
01_DECODED_RESOURCES/AndroidManifest.xml,11774
01_DECODED_RESOURCES/res/anim/fade_in_fast.xml,136
01_DECODED_RESOURCES/res/anim/fade_out_fast.xml,136
01_DECODED_RESOURCES/res/drawable/all_apps1_btn_icon.xml,167
01_DECODED_RESOURCES/res/drawable/bg_9_black.xml,276
01_DECODED_RESOURCES/res/drawable/bg_9_blue_light.xml,224
01_DECODED_RESOURCES/res/drawable/bg_9_gray_edit_ui.xml,281
01_DECODED_RESOURCES/res/drawable/btav_playpause_icon.xml,230
01_DECODED_RESOURCES/res/drawable/btn_app_add.xml,230
01_DECODED_RESOURCES/res/drawable/btn_btav_next.xml,230
01_DECODED_RESOURCES/res/drawable/btn_btav_prev.xml,230
01_DECODED_RESOURCES/res/drawable/btn_check.xml,433
01_DECODED_RESOURCES/res/drawable/btn_ic_music.xml,230
01_DECODED_RESOURCES/res/drawable/btn_ic_next.xml,230
01_DECODED_RESOURCES/res/drawable/btn_ic_prev.xml,230
01_DECODED_RESOURCES/res/drawable/btn_ic_raido.xml,230
01_DECODED_RESOURCES/res/drawable/btn_top_ll_bg.xml,322
01_DECODED_RESOURCES/res/drawable/car_bt_icon.xml,230
01_DECODED_RESOURCES/res/drawable/car_light_icon.xml,230
01_DECODED_RESOURCES/res/drawable/car_music_icon.xml,230
01_DECODED_RESOURCES/res/drawable/car_navi_icon.xml,230
01_DECODED_RESOURCES/res/drawable/car_radio_icon.xml,230
01_DECODED_RESOURCES/res/drawable/car_set_icon.xml,230
01_DECODED_RESOURCES/res/drawable/car_sound_close_icon.xml,230
01_DECODED_RESOURCES/res/drawable/car_sound_icon.xml,230
01_DECODED_RESOURCES/res/drawable/car_video_icon.xml,230
01_DECODED_RESOURCES/res/drawable/car_voice_icon.xml,230
01_DECODED_RESOURCES/res/drawable/cling_arrow_end.xml,76
01_DECODED_RESOURCES/res/drawable/cling_arrow_start.xml,76
01_DECODED_RESOURCES/res/drawable/cling_button_bg.xml,167
01_DECODED_RESOURCES/res/drawable/closescreen_icon.xml,230
01_DECODED_RESOURCES/res/drawable/focusable_view_bg.xml,125
01_DECODED_RESOURCES/res/drawable/info_target_selector.xml,150
01_DECODED_RESOURCES/res/drawable/layer_list_seekbar.xml,184
01_DECODED_RESOURCES/res/drawable/music_pause_icon.xml,230
01_DECODED_RESOURCES/res/drawable/music_playpause_icon.xml,230
01_DECODED_RESOURCES/res/drawable/progressbar_bg.xml,255
01_DECODED_RESOURCES/res/drawable/radio_btn_next.xml,230
01_DECODED_RESOURCES/res/drawable/radio_btn_pause.xml,230
01_DECODED_RESOURCES/res/drawable/radio_btn_play.xml,230
01_DECODED_RESOURCES/res/drawable/radio_btn_prev.xml,230
01_DECODED_RESOURCES/res/drawable/remove_target_selector.xml,150
01_DECODED_RESOURCES/res/drawable/sb_vol.xml,555
01_DECODED_RESOURCES/res/drawable/setting_button.xml,230
01_DECODED_RESOURCES/res/drawable/tab_widget_indicator_selector.xml,813
01_DECODED_RESOURCES/res/drawable/uninstall_target_selector.xml,150
01_DECODED_RESOURCES/res/drawable/wallpaper_button.xml,230
01_DECODED_RESOURCES/res/drawable/wallpaper_tile_fg.xml,357
01_DECODED_RESOURCES/res/drawable/widget_button.xml,230
01_DECODED_RESOURCES/res/layout/actionbar_set_wallpaper.xml,430
01_DECODED_RESOURCES/res/layout/activity_app.xml,1208
01_DECODED_RESOURCES/res/layout/adapter_recharge.xml,504
01_DECODED_RESOURCES/res/layout/add_list_item.xml,213
01_DECODED_RESOURCES/res/layout/all_apps_button.xml,108
01_DECODED_RESOURCES/res/layout/application.xml,191
01_DECODED_RESOURCES/res/layout/apps_customize_application.xml,294
01_DECODED_RESOURCES/res/layout/apps_customize_pane.xml,1817
01_DECODED_RESOURCES/res/layout/apps_customize_pane_3g.xml,1752
01_DECODED_RESOURCES/res/layout/apps_customize_progressbar.xml,210
01_DECODED_RESOURCES/res/layout/apps_customize_widget.xml,1277
01_DECODED_RESOURCES/res/layout/appwidget_error.xml,274
01_DECODED_RESOURCES/res/layout/custom_content_page_indicator_marker.xml,501
01_DECODED_RESOURCES/res/layout/custom_workspace_cling.xml,378
01_DECODED_RESOURCES/res/layout/drop_target_bar.xml,319
01_DECODED_RESOURCES/res/layout/drop_target_bar_3g.xml,319
01_DECODED_RESOURCES/res/layout/folder_icon.xml,516
01_DECODED_RESOURCES/res/layout/hotseat.xml,281
01_DECODED_RESOURCES/res/layout/market_button.xml,311
01_DECODED_RESOURCES/res/layout/overview_panel.xml,1326
01_DECODED_RESOURCES/res/layout/page_indicator.xml,171
01_DECODED_RESOURCES/res/layout/page_indicator_marker.xml,534
01_DECODED_RESOURCES/res/layout/qsb_bar.xml,497
01_DECODED_RESOURCES/res/layout/rename_folder.xml,541
01_DECODED_RESOURCES/res/layout/tab_widget_indicator.xml,168
01_DECODED_RESOURCES/res/layout/user_folder.xml,1019
01_DECODED_RESOURCES/res/layout/wallpaper_cropper.xml,414
01_DECODED_RESOURCES/res/layout/wallpaper_picker.xml,1605
01_DECODED_RESOURCES/res/layout/wallpaper_picker_image_picker_item.xml,676
01_DECODED_RESOURCES/res/layout/wallpaper_picker_item.xml,384
01_DECODED_RESOURCES/res/layout/wallpaper_picker_live_wallpaper_item.xml,823
01_DECODED_RESOURCES/res/layout/wallpaper_picker_third_party_item.xml,616
01_DECODED_RESOURCES/res/layout/workspace_screen.xml,242
01_DECODED_RESOURCES/res/layout-land/adapter_carlogo.xml,214
01_DECODED_RESOURCES/res/layout-land/all_apps_btn.xml,336
01_DECODED_RESOURCES/res/layout-land/all_apps_cling.xml,791
01_DECODED_RESOURCES/res/layout-land/clickapp_cling.xml,1108
01_DECODED_RESOURCES/res/layout-land/custom_layout_one.xml,4420
01_DECODED_RESOURCES/res/layout-land/custom_layout_three.xml,127
01_DECODED_RESOURCES/res/layout-land/custom_layout_two.xml,127
01_DECODED_RESOURCES/res/layout-land/dialog_fragment_carlogo.xml,444
01_DECODED_RESOURCES/res/layout-land/dialog_fragment_recharge.xml,1167
01_DECODED_RESOURCES/res/layout-land/dialog_qr_layout.xml,532
01_DECODED_RESOURCES/res/layout-land/external_widget_drop_list_item.xml,446
01_DECODED_RESOURCES/res/layout-land/first_run_cling.xml,1951
01_DECODED_RESOURCES/res/layout-land/folder_cling.xml,796
01_DECODED_RESOURCES/res/layout-land/fyt_xml_dtmusicwidget.xml,5376
01_DECODED_RESOURCES/res/layout-land/fyt_xml_dtwidget1.xml,2111
01_DECODED_RESOURCES/res/layout-land/fyt_xml_naviwidget.xml,129
01_DECODED_RESOURCES/res/layout-land/item_app.xml,714
01_DECODED_RESOURCES/res/layout-land/item_app_add_more.xml,431
01_DECODED_RESOURCES/res/layout-land/item_bt_num.xml,521
01_DECODED_RESOURCES/res/layout-land/launcher.xml,2095
01_DECODED_RESOURCES/res/layout-land/m_hotseat.xml,1619
01_DECODED_RESOURCES/res/layout-land/market_button.xml,436
01_DECODED_RESOURCES/res/layout-land/popwindow_bright.xml,696
01_DECODED_RESOURCES/res/layout-land/search_bar.xml,1335
01_DECODED_RESOURCES/res/layout-land/workspace_cling.xml,1279
01_DECODED_RESOURCES/res/layout-land/workspace_custom.xml,295
01_DECODED_RESOURCES/res/layout-land/workspace_custom1.xml,295
01_DECODED_RESOURCES/res/layout-land/workspace_custom2.xml,297
01_DECODED_RESOURCES/res/layout-land-1024x600/custom_layout_one.xml,6063
01_DECODED_RESOURCES/res/layout-land-1024x600/custom_layout_three.xml,127
01_DECODED_RESOURCES/res/layout-land-1024x600/custom_layout_two.xml,127
01_DECODED_RESOURCES/res/layout-land-1024x600/item_app_add_more.xml,438
01_DECODED_RESOURCES/res/layout-land-1024x600/m_hotseat.xml,1490
01_DECODED_RESOURCES/res/layout-land-1280x720/custom_layout_one.xml,5659
01_DECODED_RESOURCES/res/layout-land-1280x720/custom_layout_three.xml,127
01_DECODED_RESOURCES/res/layout-land-1280x720/custom_layout_two.xml,127
01_DECODED_RESOURCES/res/layout-land-1280x720/item_app_add_more.xml,438
01_DECODED_RESOURCES/res/layout-land-1280x720/m_hotseat.xml,1420
01_DECODED_RESOURCES/res/layout-land-1280x800/custom_layout_one.xml,6024
01_DECODED_RESOURCES/res/layout-land-1280x800/custom_layout_three.xml,127
01_DECODED_RESOURCES/res/layout-land-1280x800/custom_layout_two.xml,127
01_DECODED_RESOURCES/res/layout-land-1280x800/item_app_add_more.xml,438
01_DECODED_RESOURCES/res/layout-land-1280x800/m_hotseat.xml,1490
01_DECODED_RESOURCES/res/layout-land-1920x1200/custom_layout_one.xml,6024
01_DECODED_RESOURCES/res/layout-land-1920x1200/custom_layout_three.xml,127
01_DECODED_RESOURCES/res/layout-land-1920x1200/custom_layout_two.xml,127
01_DECODED_RESOURCES/res/layout-land-1920x1200/item_app_add_more.xml,438
01_DECODED_RESOURCES/res/layout-land-1920x1200/m_hotseat.xml,1490
01_DECODED_RESOURCES/res/layout-land-1920x720/custom_layout_one.xml,5894
01_DECODED_RESOURCES/res/layout-land-1920x720/custom_layout_three.xml,127
01_DECODED_RESOURCES/res/layout-land-1920x720/custom_layout_two.xml,127
01_DECODED_RESOURCES/res/layout-land-1920x720/item_app_add_more.xml,436
01_DECODED_RESOURCES/res/layout-land-1920x720/m_hotseat.xml,1420
01_DECODED_RESOURCES/res/layout-land-2000x1200/custom_layout_one.xml,6024
01_DECODED_RESOURCES/res/layout-land-2000x1200/custom_layout_three.xml,127
01_DECODED_RESOURCES/res/layout-land-2000x1200/custom_layout_two.xml,127
01_DECODED_RESOURCES/res/layout-land-2000x1200/item_app_add_more.xml,438
01_DECODED_RESOURCES/res/layout-land-2000x1200/m_hotseat.xml,1490
01_DECODED_RESOURCES/res/layout-land-v17/all_apps_cling.xml,843
01_DECODED_RESOURCES/res/layout-land-v17/clickapp_cling.xml,1160
01_DECODED_RESOURCES/res/layout-land-v17/external_widget_drop_list_item.xml,499
01_DECODED_RESOURCES/res/layout-land-v17/first_run_cling.xml,2053
01_DECODED_RESOURCES/res/layout-land-v17/folder_cling.xml,873
01_DECODED_RESOURCES/res/layout-land-v17/market_button.xml,476
01_DECODED_RESOURCES/res/layout-land-v17/search_bar.xml,1464
01_DECODED_RESOURCES/res/layout-land-v17/workspace_cling.xml,1356
01_DECODED_RESOURCES/res/layout-port/all_apps_cling.xml,755
01_DECODED_RESOURCES/res/layout-port/first_run_cling.xml,2038
01_DECODED_RESOURCES/res/layout-port/folder_cling.xml,1119
01_DECODED_RESOURCES/res/layout-port/launcher.xml,2033
01_DECODED_RESOURCES/res/layout-port/search_bar.xml,1335
01_DECODED_RESOURCES/res/layout-port/workspace_cling.xml,2177
01_DECODED_RESOURCES/res/layout-port-v17/all_apps_cling.xml,807
01_DECODED_RESOURCES/res/layout-port-v17/first_run_cling.xml,2165
01_DECODED_RESOURCES/res/layout-port-v17/folder_cling.xml,1196
01_DECODED_RESOURCES/res/layout-port-v17/search_bar.xml,1464
01_DECODED_RESOURCES/res/layout-port-v17/workspace_cling.xml,2229
01_DECODED_RESOURCES/res/layout-v17/add_list_item.xml,253
01_DECODED_RESOURCES/res/layout-v17/apps_customize_widget.xml,1437
01_DECODED_RESOURCES/res/layout-v17/appwidget_error.xml,314
01_DECODED_RESOURCES/res/layout-v17/market_button.xml,351
01_DECODED_RESOURCES/res/menu/cab_delete_wallpapers.xml,155
01_DECODED_RESOURCES/res/xml/custom_icons.xml,4583
01_DECODED_RESOURCES/res/xml/default_workspace.xml,64
01_DECODED_RESOURCES/res/xml/update_workspace.xml,775
01_DECODED_RESOURCES/res/xml-sw600dp-v13/default_workspace.xml,64
01_DECODED_RESOURCES/res/xml-sw600dp-v13/fyt_dt_naviprovider.xml,185
01_DECODED_RESOURCES/res/xml-sw600dp-v13/fyt_dt_provider.xml,212
01_DECODED_RESOURCES/res/xml-sw600dp-v13/fyt_dt_provider1.xml,212
01_DECODED_RESOURCES/res/xml-sw720dp-v13/default_workspace.xml,64
01_DECODED_RESOURCES/res/xml-sw720dp-v13/fyt_dt_naviprovider.xml,185
01_DECODED_RESOURCES/res/xml-sw720dp-v13/fyt_dt_provider.xml,212
01_DECODED_RESOURCES/res/xml-sw720dp-v13/fyt_dt_provider1.xml,212
02_DEX_ANALYSIS/classes.dex,1030864
02_DEX_ANALYSIS/dex_class_inventory.txt,348441
02_DEX_ANALYSIS/dex_relevant_strings.txt,25871
02_DEX_ANALYSIS/layout_inventory.txt,4411
02_DEX_ANALYSIS/resources.arsc,1039352
03_TARGET_LAYOUTS/res/layout-land/custom_layout_one.xml,4420
03_TARGET_LAYOUTS/res/layout-land/fyt_xml_dtmusicwidget.xml,5376
03_TARGET_LAYOUTS/res/layout-land/fyt_xml_dtwidget1.xml,2111
03_TARGET_LAYOUTS/res/layout-land/fyt_xml_naviwidget.xml,129
03_TARGET_LAYOUTS/res/layout-land/launcher.xml,2095
03_TARGET_LAYOUTS/res/layout-land-1024x600/custom_layout_one.xml,6063
03_TARGET_LAYOUTS/res/layout-land-1280x720/custom_layout_one.xml,5659
03_TARGET_LAYOUTS/res/layout-land-1280x800/custom_layout_one.xml,6024
03_TARGET_LAYOUTS/res/layout-land-1920x1200/custom_layout_one.xml,6024
03_TARGET_LAYOUTS/res/layout-land-1920x720/custom_layout_one.xml,5894
03_TARGET_LAYOUTS/res/layout-land-2000x1200/custom_layout_one.xml,6024
04_KEY_ASSETS/bg_music.png,77909
04_KEY_ASSETS/bg_navi.png,585458
04_KEY_ASSETS/bg_radio.png,598
04_KEY_ASSETS/bg_time.png,63853
04_KEY_ASSETS/fyt_home_bk_00.png,323997
04_KEY_ASSETS/fyt_home_bk_01.png,117615
04_KEY_ASSETS/fyt_home_bk_02.png,127813
04_KEY_ASSETS/fyt_home_bk_03.png,378864
04_KEY_ASSETS/ic_light_btn.png,2486
04_KEY_ASSETS/ic_music_btn.png,2599
04_KEY_ASSETS/ic_navi_btn.png,3460
04_KEY_ASSETS/ic_radio_btn.png,1907
04_KEY_ASSETS/ic_set_btn.png,4997
04_KEY_ASSETS/ic_sound_btn.png,807
04_KEY_ASSETS/ic_video_btn.png,1830
04_KEY_ASSETS/ic_voice_btn.png,659
04_KEY_ASSETS/launcher_bk.jpg,84997
04_KEY_ASSETS/rate_dial_speed.png,15188
04_KEY_ASSETS/time_weather_line.png,477
05_UI47_MAPPING/UI47_COMPONENT_MAP.csv,1914
05_UI47_MAPPING/UI47_PHASE1_REPORT.md,1300
AI_STUDIO_PHASE1_PROMPT.md,1728
README.md,1410
