file,width_px,height_px,fully_transparent_px,semi_transparent_px,sha256
01_hero_bg.png,634,335,0,0,da44d10c093722ca36f379f984865538e6d00ee38ca8e0b7204006c449258206
02_hero_car.png,450,335,21748,9394,ce30a749d991d0d07e356b74d9c1e594f2b390327a9dceb0f35b9bbc10582a06
03_speedometer_dial.png,516,335,47328,21320,34b8884b8ec02ed040fa8ac3a9ebfd9afe0ce9b8bd9289c34155693e2bdc53b6
04_jvitech_logo.png,632,185,22749,11688,3d619a0c4cbaa924e134f02af126be876da948955fc3b2e27607a80503106ff2
05_btn_prev.png,195,185,5271,3146,de5168328abe419534805b6138c947b0f4a352bd51ea0d9f33c4663b6c17234c
06_btn_play.png,246,185,3228,2374,148daea4e3d75a725c5fa0adef63f381cf0ba5b5d6bd8e82f46c5384dea74f87
07_btn_next.png,232,185,5574,3733,c47a02b958e73196e40d8725b0509e2cb86b26d20b78856b375f477eed971154
08_vinyl_disc.png,268,185,11819,6341,eeebd8e28e00722f5a7666bd89ad6c810554aa9792187ee4235ca4ab83522501
09_clock_card_bg.png,471,132,0,0,1454992c84c47fee8f4b671c7166ff330c22337f41612f45572c02048ec8f738
10_music_card_bg.png,370,132,0,0,29f71bdc86a717d94a1c0b7967c93900041e8dd9ed6ca139c98009d5196ee3b3
11_bottom_card_bg.png,749,154,0,0,44d6d1c4ecae27925d6fb1876b27e91c62fffa137626839719662c4d6c38e64c
12_sidebar_bg.png,285,129,0,0,efe72cbab1323f18faaf8d5aaf8c5d67b15370ff46a1a33348cba76754413522
13_sidebar_active.png,101,129,3362,1759,1026a233cb03c08f72d753357abdae190b92af82bbd7fcd171fe447f44e66dd5
14_progress_bg.png,435,64,4546,2367,a638997dda16e60fc72597cedfd1173f6b3a46cb3adf67219f5ba1e33a9b3221
15_progress_fill.png,452,64,4921,2601,84afc1ad689b43b4fbc417f516b513d0097c2ec6a9ce1848afdff63da123cb71
16_app_icon_bg.png,144,130,655,615,0e5f03f5d297f2b8d13745cbc74f8d06547211bb32a17feab0fb8fa8543e8cfc
SOURCE_ASSET_SHEET.png,1671,941,0,0,b3aa23a157d47452a42422a70dcbdcf00d9e0e31919df32b73a5f7f3449984f2
